﻿{
  "configurations": [
    {
      "name": "x64-Debug",
      "generator": "Ninja",
      "configurationType": "Debug",
      "inheritEnvironments": [ "clang_cl_x64_x64" ],
      "buildRoot": "${projectDir}\\.out\\build\\${name}",
      "installRoot": "${projectDir}\\.out\\install\\${name}",
      "cmakeCommandArgs": "",
      "buildCommandArgs": "",
      "ctestCommandArgs": ""
    },
    {
      "name": "x64-Release",
      "generator": "Ninja",
      "configurationType": "Release",
      "buildRoot": "${projectDir}\\.out\\build\\${name}",
      "installRoot": "${projectDir}\\.out\\install\\${name}",
      "cmakeCommandArgs": "",
      "buildCommandArgs": "",
      "ctestCommandArgs": "",
      "inheritEnvironments": [ "clang_cl_x64_x64" ],
      "variables": []
    }
  ]
}